City_ID,City,Country,Date,Lat,Lng,Max Temp,Humidity,Cloudiness,Wind Speed
0,Pisco,PE,2021-10-04 18:13:15,-13.7,-76.2167,67.01,68,0,12.66
1,Busselton,AU,2021-10-04 18:13:15,-33.65,115.3333,48.09,71,99,9.95
2,Caravelas,BR,2021-10-04 18:13:15,-17.7125,-39.2481,82.08,62,7,13.31
3,Broken Hill,AU,2021-10-04 18:13:16,-31.95,141.4333,48.13,82,0,11.34
4,Rawson,AR,2021-10-04 18:13:16,-43.3002,-65.1023,60.69,33,4,3.8
5,Kodiak,US,2021-10-04 18:13:16,57.79,-152.4072,35.11,75,1,6.91
6,Kavaratti,IN,2021-10-04 18:13:17,10.5669,72.642,82.09,81,81,8.79
7,Stephenville,US,2021-10-04 18:13:17,32.2207,-98.2023,84.94,40,1,10.36
8,Lavrentiya,RU,2021-10-04 18:13:17,65.5833,-171.0,34.02,98,100,22.7
9,Albany,US,2021-10-04 18:12:15,42.6001,-73.9662,60.8,95,100,1.01
10,Kapaa,US,2021-10-04 18:13:18,22.0752,-159.319,79.12,77,75,5.01
11,Mendi,PG,2021-10-04 18:13:18,-6.1761,143.6513,52.86,97,77,2.77
12,Marsala,IT,2021-10-04 18:13:19,37.7966,12.4352,75.99,80,14,25.08
13,Jalingo,NG,2021-10-04 18:13:19,8.8833,11.3667,82.2,72,34,1.86
14,Arraial Do Cabo,BR,2021-10-04 18:13:19,-22.9661,-42.0278,78.66,69,75,10.36
15,Pangnirtung,CA,2021-10-04 18:13:20,66.1451,-65.7125,41.81,68,87,0.81
16,Hermanus,ZA,2021-10-04 18:13:05,-34.4187,19.2345,60.91,77,2,20.02
17,Dingle,PH,2021-10-04 18:13:20,10.9995,122.6711,75.0,95,100,1.19
18,Korla,CN,2021-10-04 18:13:20,41.7597,86.1469,52.75,52,76,7.65
19,Karratha,AU,2021-10-04 18:13:21,-20.7377,116.8463,70.54,61,0,11.97
20,Poum,NC,2021-10-04 18:13:21,-20.2333,164.0167,74.77,80,0,11.45
21,Rikitea,PF,2021-10-04 18:13:21,-23.1203,-134.9692,72.88,74,86,20.07
22,Kedzierzyn-Kozle,PL,2021-10-04 18:13:22,50.3498,18.2261,65.32,64,80,4.23
23,Snezhnogorsk,RU,2021-10-04 18:13:22,69.1933,33.2531,55.18,66,100,28.72
24,Chengannur,IN,2021-10-04 18:12:39,9.3333,76.6333,76.8,94,100,2.71
25,Hobart,AU,2021-10-04 18:10:07,-42.8794,147.3294,48.11,86,90,9.22
26,Port Alfred,ZA,2021-10-04 18:13:24,-33.5906,26.891,57.7,74,38,8.79
27,Dikson,RU,2021-10-04 18:13:24,73.5069,80.5464,35.51,88,100,6.46
28,Bowen,AU,2021-10-04 18:13:25,-20.0167,148.2333,72.59,95,41,4.32
29,Ushuaia,AR,2021-10-04 18:13:25,-54.8,-68.3,44.22,65,75,33.38
30,Ancud,CL,2021-10-04 18:13:25,-41.8697,-73.8203,53.13,62,72,7.94
31,Hilo,US,2021-10-04 18:13:26,19.7297,-155.09,77.79,87,75,4.61
32,Tiksi,RU,2021-10-04 18:13:26,71.6872,128.8694,25.18,81,100,27.29
33,Santa Luzia,BR,2021-10-04 18:11:16,-19.7697,-43.8514,92.3,21,30,5.66
34,Brae,GB,2021-10-04 18:13:27,60.3964,-1.353,51.71,83,27,13.82
35,Sibiti,CG,2021-10-04 18:13:27,-3.6819,13.3499,76.71,71,97,1.43
36,Ilanskiy,RU,2021-10-04 18:13:28,56.2358,96.065,32.13,70,94,4.97
37,Saint-Philippe,RE,2021-10-04 18:13:28,-21.3585,55.7679,71.15,85,76,10.85
38,Aklavik,CA,2021-10-04 18:13:28,68.2191,-135.0107,32.72,88,100,5.68
39,Mahebourg,MU,2021-10-04 18:13:29,-20.4081,57.7,71.26,81,36,9.51
40,Mataura,NZ,2021-10-04 18:13:29,-46.1927,168.8643,44.47,89,31,5.91
41,Punta Arenas,CL,2021-10-04 18:09:09,-53.15,-70.9167,42.91,81,75,11.5
42,Black River,JM,2021-10-04 18:13:30,18.0264,-77.8487,85.98,62,12,14.47
43,Bathsheba,BB,2021-10-04 18:13:30,13.2167,-59.5167,90.21,58,40,23.02
44,Cape Town,ZA,2021-10-04 18:12:08,-33.9258,18.4232,63.27,62,2,5.01
45,Chuy,UY,2021-10-04 18:13:30,-33.6971,-53.4616,60.46,49,5,11.14
46,Tasiilaq,GL,2021-10-04 18:13:31,65.6145,-37.6368,37.56,62,97,4.79
47,San Andres,CO,2021-10-04 18:10:08,12.5847,-81.7006,77.02,94,75,5.75
48,Mount Gambier,AU,2021-10-04 18:13:31,-37.8333,140.7667,50.14,68,14,16.62
49,Castro,BR,2021-10-04 18:13:32,-24.7911,-50.0119,67.26,93,100,6.51
50,Nuuk,GL,2021-10-04 18:13:32,64.1835,-51.7216,41.61,56,40,6.91
51,Bandarbeyla,SO,2021-10-04 18:13:32,9.4942,50.8122,78.75,85,56,21.79
52,Dehui,CN,2021-10-04 18:13:33,44.5333,125.7,46.15,56,100,4.94
53,New Norfolk,AU,2021-10-04 18:13:33,-42.7826,147.0587,47.75,72,37,2.59
54,Porto Novo,BJ,2021-10-04 18:13:34,6.4965,2.6036,79.66,81,92,5.41
55,Semnan,IR,2021-10-04 18:13:34,35.5729,53.3971,68.11,34,0,0.67
56,Nikolskoye,RU,2021-10-04 18:13:34,59.7035,30.7861,49.39,79,0,9.62
57,Tecoanapa,MX,2021-10-04 18:13:34,16.5167,-98.75,86.61,62,81,6.58
58,Esna,EG,2021-10-04 18:13:35,25.2934,32.554,82.24,26,3,12.35
59,Talnakh,RU,2021-10-04 18:13:35,69.4865,88.3972,28.6,96,100,10.07
60,Otane,NZ,2021-10-04 18:13:36,-39.8833,176.6333,53.38,97,78,1.57
61,Namibe,AO,2021-10-04 18:13:36,-15.1961,12.1522,64.06,79,10,8.37
62,Port Elizabeth,ZA,2021-10-04 18:13:36,-33.918,25.5701,55.09,80,16,9.84
63,Shimoda,JP,2021-10-04 18:13:37,34.6667,138.95,67.1,78,14,8.66
64,West Bay,KY,2021-10-04 18:13:37,19.3667,-81.4167,88.05,77,75,1.99
65,Buseresere,TZ,2021-10-04 18:13:37,-3.0236,31.8747,70.72,69,93,5.5
66,Port Augusta,AU,2021-10-04 18:13:38,-32.5,137.7667,47.71,85,0,4.03
67,Ribeira Grande,PT,2021-10-04 18:13:38,38.5167,-28.7,73.8,83,40,8.05
68,Yerbogachen,RU,2021-10-04 18:12:11,61.2767,108.0108,28.26,83,52,4.76
69,Leningradskiy,RU,2021-10-04 18:13:42,69.3833,178.4167,18.72,93,100,3.44
70,Shingu,JP,2021-10-04 18:13:42,33.7333,135.9833,66.69,90,7,5.14
71,Tahta,EG,2021-10-04 18:13:42,26.7693,31.5021,81.36,29,0,15.08
72,Port Hedland,AU,2021-10-04 18:13:43,-20.3167,118.5667,64.45,94,0,8.05
73,Iqaluit,CA,2021-10-04 18:13:44,63.7506,-68.5145,38.7,60,88,3.0
74,Georgetown,MY,2021-10-04 18:11:34,5.4112,100.3354,79.9,89,40,2.3
75,Tazovskiy,RU,2021-10-04 18:13:44,67.4667,78.7,32.56,98,100,16.91
76,Sabha,LY,2021-10-04 18:13:45,27.0377,14.4283,82.69,23,0,9.06
77,Ulaanbaatar,MN,2021-10-04 18:10:40,47.9077,106.8832,32.13,64,40,0.0
78,Archidona,ES,2021-10-04 18:13:45,37.0965,-4.3887,67.82,35,9,5.35
79,Ostrovnoy,RU,2021-10-04 18:13:46,68.0531,39.5131,46.89,76,76,31.92
80,Bluff,NZ,2021-10-04 18:13:46,-46.6,168.3333,44.8,83,34,9.57
81,Tura,IN,2021-10-04 18:13:47,25.5198,90.2201,72.03,98,73,4.14
82,Dong Hoi,VN,2021-10-04 18:13:47,17.4833,106.6,78.22,86,82,0.63
83,Provideniya,RU,2021-10-04 18:13:47,64.3833,-173.3,37.42,98,100,14.18
84,Salinas,US,2021-10-04 18:13:48,36.6777,-121.6555,88.97,45,1,6.91
85,North Bend,US,2021-10-04 18:10:00,43.4065,-124.2243,59.23,93,20,0.0
86,Howard Springs,AU,2021-10-04 18:13:48,-12.497,131.047,82.31,88,61,5.48
87,Victoria,HK,2021-10-04 18:09:07,22.2855,114.1577,86.32,79,4,8.01
88,Vaini,TO,2021-10-04 18:13:50,-21.2,-175.2,75.36,94,75,8.05
89,Lebu,CL,2021-10-04 18:13:50,-37.6167,-73.65,52.84,66,36,20.78
90,Atuona,PF,2021-10-04 18:13:50,-9.8,-139.0333,77.81,75,41,19.98
91,Puerto Ayora,EC,2021-10-04 18:13:51,-0.7393,-90.3518,72.55,82,51,5.01
92,Qaanaaq,GL,2021-10-04 18:13:52,77.484,-69.3632,26.67,73,100,5.57
93,Coihaique,CL,2021-10-04 18:13:52,-45.5752,-72.0662,52.41,58,75,3.44
94,Chapais,CA,2021-10-04 18:13:53,49.7834,-74.8492,57.43,44,24,4.65
95,Lorengau,PG,2021-10-04 18:13:53,-2.0226,147.2712,78.8,77,90,2.01
96,Kruisfontein,ZA,2021-10-04 18:13:53,-34.0033,24.7314,52.88,77,24,4.14
97,Kenora,CA,2021-10-04 18:13:54,49.8167,-94.4337,64.78,63,15,3.0
98,Carutapera,BR,2021-10-04 18:13:54,-1.195,-46.02,87.31,59,96,10.98
99,Caconda,AO,2021-10-04 18:13:55,-13.7333,15.0667,73.09,23,44,4.03
100,Hualmay,PE,2021-10-04 18:13:55,-11.0964,-77.6139,67.78,68,31,11.56
101,Puerto Narino,CO,2021-10-04 18:13:55,-3.7703,-70.3831,89.55,48,100,2.75
102,Aktash,RU,2021-10-04 18:12:10,50.3,87.7333,17.46,76,83,4.88
103,Maraba,BR,2021-10-04 18:13:56,-5.3686,-49.1178,95.18,49,20,5.75
104,Vestmanna,FO,2021-10-04 18:13:56,62.1564,-7.1664,45.52,100,90,21.85
105,Longyearbyen,SJ,2021-10-04 18:13:56,78.2186,15.6401,39.04,81,75,16.11
106,Havelock,US,2021-10-04 18:13:57,34.8791,-76.9013,81.99,81,94,3.0
107,Ornes,NO,2021-10-04 18:13:57,66.8689,13.7078,58.03,72,51,9.4
108,Alta Floresta,BR,2021-10-04 18:13:58,-9.8756,-56.0861,96.44,33,89,3.96
109,Delijan,IR,2021-10-04 18:13:58,33.9905,50.6838,75.81,17,4,7.27
110,Cabo San Lucas,MX,2021-10-04 18:10:17,22.8909,-109.9124,92.52,65,1,4.0
111,Vao,NC,2021-10-04 18:13:59,-22.6667,167.4833,69.8,84,0,13.06
112,Chifeng,CN,2021-10-04 18:13:59,42.2683,118.9636,50.16,53,100,3.02
113,Tuktoyaktuk,CA,2021-10-04 18:14:00,69.4541,-133.0374,30.2,86,75,9.22
114,Avarua,CK,2021-10-04 18:14:00,-21.2078,-159.775,73.45,78,20,6.91
115,Ambilobe,MG,2021-10-04 18:14:00,-13.2,49.05,74.61,73,90,3.6
116,Kadayanallur,IN,2021-10-04 18:14:03,9.0833,77.35,76.48,93,100,3.62
117,Bajil,YE,2021-10-04 18:14:03,15.0584,43.2851,90.3,56,95,5.14
118,Jishou,CN,2021-10-04 18:14:04,28.3167,109.7167,78.75,70,72,0.22
119,Santa Rosa,PH,2021-10-04 18:12:57,14.3122,121.1114,80.91,89,100,11.01
120,Katiola,CI,2021-10-04 18:14:05,8.1333,-5.1,79.63,75,63,3.89
121,Kargasok,RU,2021-10-04 18:14:05,59.0556,80.8572,29.12,89,30,5.08
122,Antalaha,MG,2021-10-04 18:14:06,-14.9003,50.2788,70.48,89,55,5.88
123,Para De Minas,BR,2021-10-04 18:14:06,-19.8603,-44.6083,91.29,27,54,4.52
124,Hadgaon,IN,2021-10-04 18:14:06,19.5,77.6667,80.19,77,100,3.0
125,Carnarvon,AU,2021-10-04 18:14:08,-24.8667,113.6333,62.67,67,0,14.97
126,Ponta Do Sol,PT,2021-10-04 18:14:08,32.6667,-17.1,75.13,58,61,5.7
127,Zhangye,CN,2021-10-04 18:14:08,38.9342,100.4517,52.65,42,85,3.04
128,Mbandaka,CD,2021-10-04 18:14:09,0.0487,18.2603,71.49,98,50,4.12
129,Touros,BR,2021-10-04 18:14:09,-5.1989,-35.4608,86.9,63,3,17.81
130,Quelimane,MZ,2021-10-04 18:14:10,-17.8786,36.8883,76.95,83,20,8.05
131,Nyurba,RU,2021-10-04 18:14:10,63.2842,118.3319,33.82,84,100,6.62
132,Katsuura,JP,2021-10-04 18:14:11,35.1333,140.3,76.19,75,12,13.04
133,Bethel,US,2021-10-04 18:10:10,41.3712,-73.414,67.05,93,90,1.99
134,Camopi,GF,2021-10-04 18:14:11,3.1655,-52.3158,86.58,58,89,6.13
135,Butembo,CD,2021-10-04 18:14:11,0.15,29.2833,57.24,99,83,0.2
136,Rio Grande,BR,2021-10-04 18:14:12,-32.035,-52.0986,66.31,52,2,11.59
137,Katangli,RU,2021-10-04 18:14:12,51.7102,143.2326,35.98,82,41,13.49
138,Kavieng,PG,2021-10-04 18:14:13,-2.5744,150.7967,80.73,76,96,1.12
139,Hithadhoo,MV,2021-10-04 18:14:13,-0.6,73.0833,84.24,75,8,18.39
140,Kahului,US,2021-10-04 18:14:13,20.8947,-156.47,80.62,75,20,17.27
141,Sitka,US,2021-10-04 18:14:14,57.0531,-135.33,42.69,75,20,3.44
142,Barrow,US,2021-10-04 18:14:08,71.2906,-156.7887,24.82,86,90,9.22
143,Makakilo City,US,2021-10-04 18:14:14,21.3469,-158.0858,79.12,70,1,4.61
144,Asgabat,TM,2021-10-04 18:09:36,37.95,58.3833,65.8,21,0,9.33
145,Pevek,RU,2021-10-04 18:14:15,69.7008,170.3133,26.13,87,99,11.5
146,Plymouth,US,2021-10-04 18:13:34,41.8334,-70.8328,61.16,89,90,3.0
147,Bredasdorp,ZA,2021-10-04 18:14:15,-34.5322,20.0403,55.27,82,0,14.7
148,Qandala,SO,2021-10-04 18:14:16,11.472,49.8728,88.0,68,52,3.18
149,Saskylakh,RU,2021-10-04 18:12:12,71.9167,114.0833,27.37,90,100,16.13
150,Avera,US,2021-10-04 18:14:16,33.194,-82.5271,82.9,51,83,8.43
151,Moss Vale,AU,2021-10-04 18:14:16,-34.55,150.3833,50.14,69,6,14.74
152,Necochea,AR,2021-10-04 18:14:17,-38.5473,-58.7368,66.04,48,0,7.52
153,Severo-Kurilsk,RU,2021-10-04 18:14:17,50.6789,156.125,44.46,87,28,9.6
154,Bambous Virieux,MU,2021-10-04 18:14:17,-20.3428,57.7575,71.22,81,41,9.08
155,Porto Velho,BR,2021-10-04 18:11:00,-8.7619,-63.9039,96.85,41,40,6.91
156,Te Anau,NZ,2021-10-04 18:14:18,-45.4167,167.7167,45.55,94,89,2.17
157,Mar Del Plata,AR,2021-10-04 18:14:18,-38.0023,-57.5575,64.0,62,20,3.0
158,East London,ZA,2021-10-04 18:14:19,-33.0153,27.9116,58.32,81,99,6.85
159,Faanui,PF,2021-10-04 18:14:19,-16.4833,-151.75,78.06,73,16,16.58
160,Awjilah,LY,2021-10-04 18:14:19,29.1081,21.2869,77.5,39,0,9.46
161,Narsaq,GL,2021-10-04 18:14:20,60.9167,-46.05,43.02,50,3,1.14
162,Cockburn Town,TC,2021-10-04 18:12:54,21.4612,-71.1419,83.82,74,100,21.74
163,Manado,ID,2021-10-04 18:14:20,1.487,124.8455,77.77,94,40,0.0
164,Talaya,RU,2021-10-04 18:14:22,61.3833,152.75,11.26,96,91,4.97
165,Saldanha,ZA,2021-10-04 18:14:22,-33.0117,17.9442,59.23,70,34,14.03
166,Vila Franca Do Campo,PT,2021-10-04 18:14:22,37.7167,-25.4333,73.81,79,100,4.74
167,Pitimbu,BR,2021-10-04 18:14:23,-7.4706,-34.8086,84.79,65,21,14.99
168,Lasa,IT,2021-10-04 18:14:23,46.6166,10.7002,61.02,98,100,5.46
169,Toora-Khem,RU,2021-10-04 18:14:24,52.4675,96.11,25.79,61,38,0.98
170,Guiyang,CN,2021-10-04 18:14:24,26.5833,106.7167,67.48,87,1,9.91
171,Norman Wells,CA,2021-10-04 18:14:24,65.282,-126.8329,32.04,93,75,20.71
172,Aitape,PG,2021-10-04 18:14:25,-3.1374,142.3475,76.51,92,99,4.43
173,Meulaboh,ID,2021-10-04 18:14:25,4.1363,96.1285,76.69,83,76,2.19
174,Haines Junction,CA,2021-10-04 18:14:26,60.7522,-137.5108,33.85,81,80,2.51
175,Imbituba,BR,2021-10-04 18:14:26,-28.24,-48.6703,65.82,83,100,10.02
176,Yellowknife,CA,2021-10-04 18:13:24,62.456,-114.3525,39.42,99,100,13.71
177,Tual,ID,2021-10-04 18:14:26,-5.6667,132.75,80.85,73,55,9.22
178,Balikpapan,ID,2021-10-04 18:12:39,-1.2675,116.8289,74.07,88,100,4.21
179,Yar-Sale,RU,2021-10-04 18:14:27,66.8333,70.8333,36.19,93,100,12.03
180,Aras,ES,2021-10-04 18:14:27,42.5617,-2.356,61.21,48,0,6.91
181,Igrim,RU,2021-10-04 18:14:29,63.1906,64.4162,32.16,77,100,5.53
182,Varhaug,NO,2021-10-04 18:14:29,58.6147,5.6457,56.89,82,86,18.57
183,Tymovskoye,RU,2021-10-04 18:14:30,50.8456,142.655,34.16,90,66,1.66
184,Luderitz,NA,2021-10-04 18:14:30,-26.6481,15.1594,58.23,73,3,3.91
185,Jamestown,US,2021-10-04 18:14:31,42.097,-79.2353,72.72,83,90,4.0
186,Constitucion,CL,2021-10-04 18:14:31,-35.3333,-72.4167,60.51,51,13,17.16
187,Mushie,CD,2021-10-04 18:14:31,-3.0167,16.9,76.26,81,93,1.21
188,Sistranda,NO,2021-10-04 18:14:33,63.7256,8.834,54.9,70,96,2.75
189,Leh,IN,2021-10-04 18:14:33,34.1667,77.5833,50.18,37,68,4.83
190,Harper,LR,2021-10-04 18:14:34,4.375,-7.7169,79.27,83,36,6.2
191,Hailin,CN,2021-10-04 18:14:34,44.5833,129.4167,39.76,81,100,2.62
192,Esil,KZ,2021-10-04 18:14:34,51.9556,66.4042,30.83,76,47,13.35
193,Ridge,US,2021-10-04 18:14:35,40.894,-72.8959,70.84,89,90,1.01
194,Kirakira,SB,2021-10-04 18:14:35,-10.4544,161.9205,78.66,85,86,4.79
195,Nisia Floresta,BR,2021-10-04 18:14:36,-6.0911,-35.2086,86.81,61,10,15.88
196,Altay,CN,2021-10-04 18:14:37,47.8667,88.1167,37.8,44,94,6.04
197,Ahipara,NZ,2021-10-04 18:14:37,-35.1667,173.1667,58.26,97,36,3.71
198,Yaan,NG,2021-10-04 18:14:38,7.3833,8.5667,81.54,69,20,1.9
199,Ensley,US,2021-10-04 18:14:18,30.5188,-87.2728,77.92,90,90,1.01
200,Half Moon Bay,US,2021-10-04 18:14:38,37.4636,-122.4286,87.75,56,1,0.0
201,Zhob,PK,2021-10-04 18:14:39,31.3411,69.4481,75.61,28,0,2.91
202,Esperance,AU,2021-10-04 18:14:39,-33.8667,121.9,54.64,74,86,10.98
203,Nacogdoches,US,2021-10-04 18:14:39,31.6002,-94.6335,86.11,43,20,6.91
204,Upernavik,GL,2021-10-04 18:14:40,72.7868,-56.1549,30.27,72,54,4.54
205,Port Blair,IN,2021-10-04 18:14:40,11.6667,92.75,80.69,81,42,8.9
206,Cayenne,GF,2021-10-04 18:14:41,4.9333,-52.3333,89.64,73,40,8.01
207,Newport,GB,2021-10-04 18:14:41,51.5877,-2.9984,58.44,86,93,12.86
208,Portland,US,2021-10-04 18:13:11,45.5234,-122.6762,61.9,85,90,1.01
209,Yazman,PK,2021-10-04 18:14:42,29.1212,71.7446,94.35,37,10,11.23
210,Gat,IL,2021-10-04 18:12:03,31.61,34.7642,75.88,63,0,7.4
211,Oranjemund,NA,2021-10-04 18:14:42,-28.55,16.4333,57.58,75,0,13.62
212,Sao Filipe,CV,2021-10-04 18:14:43,14.8961,-24.4956,81.81,75,15,5.14
213,Raahe,FI,2021-10-04 18:14:43,64.6833,24.4833,53.69,87,100,20.29
214,Roald,NO,2021-10-04 18:14:43,62.5833,6.1333,55.9,76,40,10.36
215,Yarada,IN,2021-10-04 18:14:44,17.65,83.2667,82.72,83,20,2.3
216,Carmo Do Paranaiba,BR,2021-10-04 18:14:45,-19.0008,-46.3161,91.74,38,15,5.61
217,Boysun,UZ,2021-10-04 18:14:45,38.2061,67.1986,53.91,42,0,3.89
218,Plettenberg Bay,ZA,2021-10-04 18:14:46,-34.0527,23.3716,52.93,84,21,5.21
219,Fairbanks,US,2021-10-04 18:10:01,64.8378,-147.7164,31.6,94,90,0.0
220,Eureka,US,2021-10-04 18:14:47,40.8021,-124.1637,52.41,62,30,3.47
221,Nanortalik,GL,2021-10-04 18:14:48,60.1432,-45.2371,38.62,78,10,10.85
222,Huancavelica,PE,2021-10-04 18:14:48,-12.7667,-74.9833,49.57,48,42,10.16
223,Gasa,PS,2021-10-04 18:14:48,31.5,34.4667,76.98,59,0,9.66
224,Butaritari,KI,2021-10-04 18:14:49,3.0707,172.7902,81.97,70,92,13.49
225,San Cristobal,VE,2021-10-04 18:14:49,7.7669,-72.225,84.38,47,54,6.49
226,Raudeberg,NO,2021-10-04 18:14:50,61.9875,5.1352,54.19,89,50,8.99
227,Zabid,YE,2021-10-04 18:14:50,14.1951,43.3152,90.1,53,97,6.58
228,Sarti,GR,2021-10-04 18:14:51,40.1,23.9833,65.89,61,0,3.89
229,Sabang,ID,2021-10-04 18:14:51,5.8933,95.3214,82.38,72,47,17.52
230,Padang,ID,2021-10-04 18:14:52,-0.9492,100.3543,75.25,86,100,2.35
231,Tianpeng,CN,2021-10-04 18:14:52,30.9866,103.9393,66.63,98,100,7.38
232,Kaeo,NZ,2021-10-04 18:14:52,-35.1,173.7833,57.33,97,44,3.6
233,Kpandae,GH,2021-10-04 18:14:53,8.4689,-0.0113,79.34,81,62,7.31
234,Verkhnevilyuysk,RU,2021-10-04 18:14:53,63.4453,120.3167,29.8,92,98,5.35
235,Poronaysk,RU,2021-10-04 18:14:54,49.2167,143.1167,38.48,75,4,8.7
236,Raha,IN,2021-10-04 18:11:42,26.2333,92.5167,74.86,95,55,5.03
237,Sorland,NO,2021-10-04 18:14:54,67.667,12.6934,57.27,72,67,32.68
238,Oktyabrskoye,RU,2021-10-04 18:14:54,43.0645,44.7417,46.54,93,90,4.47
239,Methoni,GR,2021-10-04 18:14:55,36.8197,21.7049,71.22,59,0,6.89
240,Santa Maria,BR,2021-10-04 18:14:42,-29.6842,-53.8069,65.61,51,45,8.63
241,Tessalit,ML,2021-10-04 18:14:57,20.1986,1.0114,93.63,9,4,8.01
242,Saint Anthony,US,2021-10-04 18:14:57,45.0205,-93.218,70.79,69,1,3.0
243,Prainha,BR,2021-10-04 18:14:59,-1.8,-53.48,95.56,34,99,8.08
244,Ilulissat,GL,2021-10-04 18:14:59,69.2167,-51.1,30.22,64,75,1.14
245,Siyabuswa,ZA,2021-10-04 18:14:59,-25.1132,29.0445,67.01,58,73,17.27
246,Praya,CV,2021-10-04 18:15:00,14.9215,-23.5087,90.14,51,0,11.5
247,Zirc,HU,2021-10-04 18:15:00,47.2636,17.8737,66.69,54,1,5.79
248,Nome,US,2021-10-04 18:11:08,64.5011,-165.4064,33.87,86,90,18.41
249,Monterey,US,2021-10-04 18:15:01,36.2505,-121.2516,80.83,14,96,5.12
250,Tatarani,RO,2021-10-04 18:15:03,45.0,25.2667,53.76,99,59,3.91
251,Maceio,BR,2021-10-04 18:15:04,-9.6658,-35.7353,74.64,94,40,12.66
252,La Ronge,CA,2021-10-04 18:15:04,55.1001,-105.2842,52.63,29,93,7.67
253,Boende,CD,2021-10-04 18:15:04,-0.2167,20.8667,76.86,75,33,2.19
254,Fortuna,US,2021-10-04 18:15:05,40.5982,-124.1573,52.14,44,34,3.29
255,Paita,PE,2021-10-04 18:15:05,-5.0892,-81.1144,75.76,71,30,17.56
256,Geghamasar,AM,2021-10-04 18:15:05,40.3109,45.6792,44.51,85,59,4.97
257,San Patricio,US,2021-10-04 18:15:07,28.017,-97.5169,90.32,52,98,9.4
258,Santiago,CL,2021-10-04 18:11:55,-33.4569,-70.6483,80.17,18,0,4.61
259,Noumea,NC,2021-10-04 18:12:41,-22.2763,166.4572,62.58,78,0,7.85
260,Kalabo,ZM,2021-10-04 18:15:07,-14.97,22.6814,79.77,39,43,3.71
261,Kuala Terengganu,MY,2021-10-04 18:15:08,5.3302,103.1408,77.63,86,100,4.68
262,Tsirguliina,EE,2021-10-04 18:15:08,57.864,26.1947,53.1,71,54,11.45
263,Spring Valley,US,2021-10-04 18:15:09,36.108,-115.245,84.29,22,75,1.99
264,Danjiangkou,CN,2021-10-04 18:15:09,32.5428,111.5086,63.25,80,94,11.77
265,Saint George,US,2021-10-04 18:15:09,37.1041,-113.5841,90.07,27,1,1.99
266,Rwamagana,RW,2021-10-04 18:15:10,-1.9487,30.4347,71.04,72,88,2.93
267,Komsomolskiy,UZ,2021-10-04 18:15:10,40.4272,71.7189,53.02,39,5,2.68
268,Punta Alta,AR,2021-10-04 18:14:15,-38.8759,-62.0736,64.74,33,0,4.97
269,Sale,MA,2021-10-04 18:10:16,34.0389,-6.8166,68.68,60,20,12.66
270,Isla Vista,US,2021-10-04 18:15:12,34.4133,-119.861,90.07,39,40,0.0
271,San Jose,US,2021-10-04 18:10:51,37.3394,-121.895,87.69,28,75,0.0
272,Petropavlovsk-Kamchatskiy,RU,2021-10-04 18:15:12,53.0452,158.6483,41.58,75,43,21.63
273,Koboko,UG,2021-10-04 18:15:13,3.4136,30.9599,64.74,89,66,2.48
274,Khovu-Aksy,RU,2021-10-04 18:15:13,51.1333,93.6,27.97,64,75,4.12
275,Ruidoso,US,2021-10-04 18:15:13,33.3317,-105.673,71.06,36,75,6.91
276,Mayfield,US,2021-10-04 18:15:14,36.7417,-88.6367,79.74,68,75,0.0
277,Cutro,IT,2021-10-04 18:15:14,39.0353,16.9819,69.06,73,2,7.52
278,Tiznit,MA,2021-10-04 18:15:15,29.5833,-9.5,74.03,50,96,4.38
279,Nanakuli,US,2021-10-04 18:15:15,21.3906,-158.1547,80.55,71,1,4.61
280,Lincoln,US,2021-10-04 18:15:02,40.8,-96.667,82.38,34,1,3.0
281,Port Lincoln,AU,2021-10-04 18:15:16,-34.7333,135.8667,54.91,65,79,10.29
282,Seoul,KR,2021-10-04 18:14:27,37.5683,126.9778,76.39,86,100,6.55
283,Torbay,CA,2021-10-04 18:15:16,47.6666,-52.7314,51.28,85,100,4.0
284,Braganca,BR,2021-10-04 18:11:49,-1.0536,-46.7656,89.31,49,100,9.04
285,Richards Bay,ZA,2021-10-04 18:15:17,-28.783,32.0377,63.91,76,100,7.67
286,Arlit,NE,2021-10-04 18:15:17,18.7369,7.3853,95.86,12,3,5.28
287,Centralia,US,2021-10-04 18:14:34,46.7162,-122.9543,58.51,78,90,3.44
288,Krasnoarmeysk,RU,2021-10-04 18:15:19,51.0239,45.6969,47.28,73,100,11.59
289,Airai,TL,2021-10-04 18:15:19,-8.9266,125.4092,59.18,83,42,0.76
290,Guerrero Negro,MX,2021-10-04 18:11:09,27.9769,-114.0611,79.43,50,40,11.61
291,Mudigere,IN,2021-10-04 18:15:19,13.1333,75.6333,67.5,94,54,1.25
292,Rundu,NA,2021-10-04 18:15:21,-17.9333,19.7667,79.7,12,19,4.7
293,Grand Baie,MU,2021-10-04 18:15:21,-20.0182,57.5802,71.46,80,44,4.0
294,Turayf,SA,2021-10-04 18:15:22,31.6725,38.6637,74.89,21,0,3.22
295,Taltal,CL,2021-10-04 18:15:22,-25.4,-70.4833,62.89,67,11,6.53
296,Hasaki,JP,2021-10-04 18:15:23,35.7333,140.8333,68.4,77,7,14.76
297,Mlalo,TZ,2021-10-04 18:15:23,-4.9333,38.9333,69.67,85,18,4.52
298,Vardo,NO,2021-10-04 18:15:23,70.3705,31.1107,53.8,76,75,23.02
299,Tarko-Sale,RU,2021-10-04 18:15:24,64.9225,77.785,31.91,75,100,13.09
300,Belaya Gora,RU,2021-10-04 18:15:24,68.5333,146.4167,18.07,87,69,5.91
301,Batemans Bay,AU,2021-10-04 18:15:25,-35.7167,150.1833,51.98,61,40,5.19
302,Kuytun,RU,2021-10-04 18:15:27,54.3419,101.5036,30.49,87,86,3.71
303,Oistins,BB,2021-10-04 18:14:14,13.0667,-59.5333,89.69,58,40,23.02
304,Van,TR,2021-10-04 18:15:27,38.4924,43.3831,56.55,44,40,4.61
305,Port Said,EG,2021-10-04 18:15:27,31.2565,32.2841,75.45,66,0,12.19
306,Saint-Augustin,CA,2021-10-04 18:15:28,51.226,-58.6502,47.43,60,100,10.0
307,Nuevo Ideal,MX,2021-10-04 18:15:28,24.8875,-105.0728,67.5,60,83,6.46
308,Mortka,RU,2021-10-04 18:15:28,59.3322,66.0214,28.15,81,70,3.51
309,Dayong,CN,2021-10-04 18:15:29,25.0209,118.2898,83.89,89,27,4.36
310,Mabai,CN,2021-10-04 18:15:29,23.0128,104.4508,58.98,96,11,1.59
311,Tampakan,PH,2021-10-04 18:15:30,6.4442,124.9264,73.54,98,100,1.43
312,Tilichiki,RU,2021-10-04 18:15:30,60.4667,166.1,32.92,91,100,14.92
313,Manali,IN,2021-10-04 18:15:30,13.1667,80.2667,82.49,75,46,5.55
314,Tianmen,CN,2021-10-04 18:15:31,30.6516,113.1603,77.58,74,5,7.96
315,Alakurtti,RU,2021-10-04 18:15:32,66.9672,30.3491,54.63,76,99,12.21
316,Khatanga,RU,2021-10-04 18:15:32,71.9667,102.5,29.14,96,100,18.77
317,Berbera,SO,2021-10-04 18:15:33,10.4396,45.0143,91.2,55,88,4.03
318,Ustye,RU,2021-10-04 18:15:33,59.6304,39.736,39.65,93,48,5.55
319,Tieli,CN,2021-10-04 18:15:34,46.95,128.05,37.69,78,27,0.29
320,Nyrob,RU,2021-10-04 18:15:34,60.733,56.7202,30.58,86,20,1.63
321,Udachnyy,RU,2021-10-04 18:15:35,66.4167,112.4,27.03,91,91,5.84
322,Palana,RU,2021-10-04 18:15:35,59.1167,159.9667,34.79,95,100,13.27
323,Anklam,DE,2021-10-04 18:15:35,53.8564,13.6897,55.06,84,100,5.01
324,Xuanhua,CN,2021-10-04 18:15:36,40.6103,115.0447,48.61,88,100,1.41
325,Balkanabat,TM,2021-10-04 18:15:37,39.5108,54.3671,68.92,29,58,10.2
326,Chokurdakh,RU,2021-10-04 18:15:37,70.6333,147.9167,19.62,95,99,9.22
327,Banyo,CM,2021-10-04 18:15:37,6.75,11.8167,66.33,91,40,1.72
328,Dhidhdhoo,MV,2021-10-04 18:15:38,6.8833,73.1,81.88,79,100,17.65
329,Nikolayevsk-Na-Amure,RU,2021-10-04 18:15:38,53.1406,140.73,29.88,90,21,5.21
330,Dali,CN,2021-10-04 18:15:39,25.7,100.1833,60.67,93,17,3.51
331,San Javier,ES,2021-10-04 18:15:39,37.8063,-0.8374,73.22,30,90,1.01
332,Alofi,NU,2021-10-04 18:15:19,-19.0595,-169.9187,75.09,88,75,9.22
333,Souillac,MU,2021-10-04 18:15:39,-20.5167,57.5167,70.36,94,75,12.66
334,Edgewater,US,2021-10-04 18:15:40,28.9889,-80.9023,90.37,61,54,8.79
335,Geraldton,AU,2021-10-04 18:15:40,-28.7667,114.6,50.41,93,75,8.05
336,Awbari,LY,2021-10-04 18:15:40,26.5921,12.7805,82.8,22,0,7.0
337,Ahuimanu,US,2021-10-04 18:15:41,21.4447,-157.8378,80.31,72,20,14.97
338,Havoysund,NO,2021-10-04 18:15:41,70.9963,24.6622,56.28,83,99,19.91
339,Dombas,NO,2021-10-04 18:15:42,62.0696,9.1235,41.81,93,55,8.63
340,Hattiesburg,US,2021-10-04 18:15:42,31.3271,-89.2903,82.72,78,75,6.91
341,Kloulklubed,PW,2021-10-04 18:15:42,7.0419,134.2556,81.1,73,100,6.31
342,Bengkulu,ID,2021-10-04 18:15:43,-3.8004,102.2655,76.01,90,98,4.68
343,Lompoc,US,2021-10-04 18:15:43,34.6391,-120.4579,89.08,52,1,4.61
344,Nagato,JP,2021-10-04 18:15:43,34.3833,131.2,74.19,87,70,11.7
345,Sars,RU,2021-10-04 18:15:44,56.5502,57.1366,28.99,72,8,3.56
346,Talara,PE,2021-10-04 18:15:44,-4.5772,-81.2719,75.96,60,0,16.11
347,Huadian,CN,2021-10-04 18:15:45,42.9633,126.7478,46.35,73,100,4.68
348,Sinnamary,GF,2021-10-04 18:15:45,5.3833,-52.95,86.61,63,96,12.41
349,Broome,US,2021-10-04 18:15:45,42.2506,-75.833,70.57,80,90,8.01
350,Araioses,BR,2021-10-04 18:15:46,-2.89,-41.9031,85.98,66,0,17.27
351,Daru,PG,2021-10-04 18:15:46,-9.0763,143.2092,77.72,87,25,9.01
352,Husavik,IS,2021-10-04 18:15:46,66.0449,-17.3389,37.31,98,100,9.4
353,Grindavik,IS,2021-10-04 18:15:47,63.8424,-22.4338,40.95,75,40,24.16
354,Tashigang,BT,2021-10-04 18:15:47,27.3331,91.5542,67.89,92,77,2.08
355,Cap Malheureux,MU,2021-10-04 18:15:48,-19.9842,57.6142,70.47,80,43,3.0
356,Robore,BO,2021-10-04 18:15:48,-18.3333,-59.75,74.17,44,58,8.79
357,Pacific Grove,US,2021-10-04 18:14:09,36.6177,-121.9166,88.57,65,1,4.61
358,Borskoye,RU,2021-10-04 18:15:49,53.0333,51.7167,39.07,54,5,7.61
359,Sao Joao Da Barra,BR,2021-10-04 18:15:49,-21.6403,-41.0511,84.29,73,68,16.62
360,Acapulco,MX,2021-10-04 18:15:11,16.8634,-99.8901,85.82,70,40,11.5
361,Kungurtug,RU,2021-10-04 18:15:50,50.5994,97.5228,27.55,54,29,2.06
362,Okhotsk,RU,2021-10-04 18:15:50,59.3833,143.3,30.58,69,0,19.55
363,Dafeng,CN,2021-10-04 18:15:50,23.4517,108.5881,78.4,78,40,2.19
364,Codrington,AU,2021-10-04 18:15:51,-38.2667,141.9667,51.31,67,78,26.46
365,Requena,ES,2021-10-04 18:15:51,39.4883,-1.1004,63.14,35,47,10.69
366,Lata,PT,2021-10-04 18:15:51,40.1629,-8.3327,64.81,74,59,6.02
367,San Ramon,US,2021-10-04 18:15:48,37.7799,-121.978,86.25,42,1,1.01
368,Bima,ID,2021-10-04 18:15:52,-8.4667,118.7167,75.02,83,88,4.45
369,Yulara,AU,2021-10-04 18:15:52,-25.2406,130.9889,60.64,31,0,6.91
370,Esso,RU,2021-10-04 18:15:53,55.9333,158.7,32.88,91,100,9.78
371,Sao Simao,BR,2021-10-04 18:15:53,-21.4792,-47.5508,91.85,33,79,10.58
372,Krasnoselkup,RU,2021-10-04 18:15:53,65.7,82.4667,31.6,84,100,11.86
373,Octeville,FR,2021-10-04 18:15:54,49.6261,-1.6435,60.93,87,0,6.91
374,Claremore,US,2021-10-04 18:15:54,36.3126,-95.6161,80.69,38,1,7.0
375,Sur,OM,2021-10-04 18:11:14,22.5667,59.5289,83.71,71,16,12.64
376,Goderich,CA,2021-10-04 18:15:54,43.7501,-81.7165,69.91,94,100,10.36
377,Santa Margherita Ligure,IT,2021-10-04 18:15:55,44.3346,9.212,73.24,87,100,4.0
378,El Campo,US,2021-10-04 18:15:55,29.1966,-96.2697,86.9,51,97,9.62
379,Clyde River,CA,2021-10-04 18:15:55,70.4692,-68.5914,37.45,82,84,6.89
380,Beyneu,KZ,2021-10-04 18:15:56,45.3167,55.2,55.83,50,100,10.92
381,Thunder Bay,CA,2021-10-04 18:15:06,48.4001,-89.3168,69.3,65,6,4.0
382,Yugorsk,RU,2021-10-04 18:15:56,61.3133,63.3319,31.37,71,89,5.06
383,Sayyan,YE,2021-10-04 18:15:56,15.1718,44.3244,62.58,58,86,1.92
384,Port-Gentil,GA,2021-10-04 18:15:57,-0.7193,8.7815,78.58,84,84,13.94
385,Umm Lajj,SA,2021-10-04 18:15:57,25.0213,37.2685,81.61,70,2,10.42
386,Kununurra,AU,2021-10-04 18:15:57,-15.7667,128.7333,75.18,69,19,1.14
387,Mingshui,CN,2021-10-04 18:15:58,36.7167,117.5,57.94,93,100,12.95
388,Mitsamiouli,KM,2021-10-04 18:15:58,-11.3847,43.2844,75.67,84,25,5.82
389,Pierre,US,2021-10-04 18:15:58,44.3683,-100.351,81.28,35,1,5.75
390,Puerto Asis,CO,2021-10-04 18:15:59,0.5133,-76.5007,82.96,78,45,1.41
391,Namatanai,PG,2021-10-04 18:15:59,-3.6667,152.4333,79.14,83,100,5.64
392,Papagaios,BR,2021-10-04 18:16:00,-19.4492,-44.7478,94.87,22,41,4.07
393,Zhangzhou,CN,2021-10-04 18:13:20,24.5133,117.6556,84.15,87,11,1.79
394,Sakakah,SA,2021-10-04 18:16:01,29.9697,40.2064,83.77,24,0,5.73
395,Port Pirie,AU,2021-10-04 18:16:01,-33.1833,138.0167,42.89,82,5,5.28
396,Biskamzha,RU,2021-10-04 18:11:08,53.4497,89.5272,29.71,69,91,2.95
397,Belmonte,BR,2021-10-04 18:16:02,-15.8631,-38.8828,82.9,62,16,11.59
398,Lerwick,GB,2021-10-04 18:16:02,60.1545,-1.1494,51.8,84,26,13.49
399,San Quintin,MX,2021-10-04 18:16:03,30.4833,-115.95,77.09,52,68,6.11
400,Nava,MX,2021-10-04 18:16:03,28.4167,-100.7667,86.99,54,77,6.06
401,Sabla,NG,2021-10-04 18:16:03,12.7525,4.7077,90.5,30,1,4.23
402,Cloquet,US,2021-10-04 18:16:04,46.7216,-92.4594,66.38,46,5,1.72
403,Burns Lake,CA,2021-10-04 18:16:04,54.2331,-125.7533,38.62,63,100,0.45
404,Kempele,FI,2021-10-04 18:16:05,64.9131,25.5034,53.62,82,90,10.36
405,Kulhudhuffushi,MV,2021-10-04 18:16:05,6.6221,73.07,81.75,79,98,17.87
406,Surt,LY,2021-10-04 18:16:05,31.2089,16.5887,77.68,65,0,13.67
407,Saint-Joseph,RE,2021-10-04 18:16:06,-21.3667,55.6167,70.16,83,60,6.6
408,Zlatna,RO,2021-10-04 18:16:06,46.1167,23.2167,48.09,58,5,3.04
409,Thompson,CA,2021-10-04 18:16:07,55.7435,-97.8558,50.16,57,75,11.5
410,Taoudenni,ML,2021-10-04 18:16:07,22.6783,-3.9836,100.33,7,7,4.79
411,Malatya,TR,2021-10-04 18:16:07,38.5,38.0,59.05,31,0,18.41
412,Bocas Del Toro,PA,2021-10-04 18:16:08,9.3333,-82.25,82.08,71,65,8.59
413,Skibbereen,IE,2021-10-04 18:16:08,51.55,-9.2667,51.6,85,95,15.73
414,Lahad Datu,MY,2021-10-04 18:15:24,5.0268,118.327,76.64,89,100,4.41
415,Timra,SE,2021-10-04 18:16:08,62.487,17.3257,51.51,96,0,10.36
416,Udalguri,IN,2021-10-04 18:16:09,26.7667,92.1333,74.48,88,7,4.14
417,Gravdal,NO,2021-10-04 18:16:10,68.1214,13.5031,57.09,58,75,24.16
418,Baykit,RU,2021-10-04 18:16:10,61.67,96.37,32.9,96,100,2.24
419,Pemba,MZ,2021-10-04 18:16:10,-12.974,40.5178,77.59,76,1,11.77
420,Port Keats,AU,2021-10-04 18:16:11,-14.25,129.55,78.8,82,63,6.49
421,Wangaratta,AU,2021-10-04 18:16:11,-36.3667,146.3333,51.19,84,90,12.66
422,Bentiu,SS,2021-10-04 18:16:12,9.2333,29.8333,79.16,66,57,2.82
423,Nishihara,JP,2021-10-04 18:16:12,26.1842,127.7558,82.45,72,20,11.5
424,San Nicolas,PH,2021-10-04 18:16:12,18.1725,120.5953,80.51,78,75,4.61
425,Kabanjahe,ID,2021-10-04 18:16:13,3.1001,98.4908,63.36,95,97,2.82
426,Villazon,BO,2021-10-04 18:16:13,-22.0866,-65.5942,72.36,2,0,12.1
427,Karasjok,NO,2021-10-04 18:16:13,69.4719,25.5112,53.71,88,100,21.59
428,Zyryanka,RU,2021-10-04 18:16:14,65.75,150.85,23.23,83,91,11.9
429,Naze,JP,2021-10-04 18:16:14,28.3667,129.4833,76.6,79,38,20.83
430,Anadyr,RU,2021-10-04 18:16:15,64.75,177.4833,37.9,93,75,20.0
431,Cidreira,BR,2021-10-04 18:16:16,-30.1811,-50.2056,62.98,55,86,13.85
432,Beamsville,CA,2021-10-04 18:16:16,43.1668,-79.4829,68.88,98,100,6.91
433,Teknaf,BD,2021-10-04 18:16:17,20.8624,92.3058,79.88,82,91,0.92
434,Singapore,SG,2021-10-04 18:15:10,1.2897,103.8501,82.44,88,75,3.44
435,Prince Rupert,CA,2021-10-04 18:12:51,54.3161,-130.3201,42.89,93,90,4.61
436,Kaitangata,NZ,2021-10-04 18:16:17,-46.2817,169.8464,50.09,89,100,11.12
437,Sibu,MY,2021-10-04 18:16:18,2.3,111.8167,75.51,94,40,4.61
438,Yelizovo,RU,2021-10-04 18:16:18,53.1873,158.3805,39.34,75,0,6.71
439,Beringovskiy,RU,2021-10-04 18:16:18,63.05,179.3167,39.09,99,100,15.17
440,Paamiut,GL,2021-10-04 18:16:19,61.994,-49.6678,37.65,66,13,10.36
441,Marlborough,NZ,2021-10-04 18:16:19,-41.6667,173.5,49.06,94,100,0.89
442,Puerto Escondido,MX,2021-10-04 18:16:19,15.85,-97.0667,88.63,62,75,6.91
443,Sao Jose Da Coroa Grande,BR,2021-10-04 18:16:20,-8.8978,-35.1478,80.29,68,19,11.81
444,Ulaangom,MN,2021-10-04 18:16:20,49.9811,92.0667,34.74,66,62,2.21
445,Hambantota,LK,2021-10-04 18:16:20,6.1241,81.1185,80.78,79,100,12.48
446,Andahuaylas,PE,2021-10-04 18:16:21,-13.6556,-73.3872,68.09,59,40,10.36
447,Berlevag,NO,2021-10-04 18:16:21,70.8578,29.0864,55.4,81,100,26.35
448,Sao Francisco De Assis,BR,2021-10-04 18:16:23,-29.5503,-55.1311,63.59,51,2,10.83
449,Sobolevo,RU,2021-10-04 18:16:23,54.4299,31.8996,44.51,91,6,6.91
450,Hay River,CA,2021-10-04 18:16:23,60.8156,-115.7999,39.18,81,75,14.97
451,Angren,UZ,2021-10-04 18:16:24,41.0167,70.1436,51.89,36,4,6.02
452,Ndago,TZ,2021-10-04 18:16:24,-4.6,34.35,78.12,34,100,4.99
453,Port-Cartier,CA,2021-10-04 18:16:24,50.0334,-66.8654,62.82,42,6,3.53
454,Neiafu,TO,2021-10-04 18:16:25,-18.65,-173.9833,75.88,94,75,11.5
455,Aswan,EG,2021-10-04 18:16:25,24.0934,32.907,84.0,24,7,12.84
456,Laguna,US,2021-10-04 18:16:26,38.421,-121.4238,87.64,28,1,3.44
457,Bundibugyo,UG,2021-10-04 18:16:26,0.7414,30.0417,65.57,96,100,2.59
458,Obninsk,RU,2021-10-04 18:16:26,55.0969,36.6103,44.87,79,28,4.76
459,Mackenzie,CA,2021-10-04 18:16:27,55.2999,-123.1698,39.42,65,1,4.61
460,Bilma,NE,2021-10-04 18:16:27,18.6853,12.9164,91.58,14,0,9.04
461,Verkhnetulomskiy,RU,2021-10-04 18:16:27,68.6073,31.7962,55.53,65,100,16.75
462,Carballo,ES,2021-10-04 18:16:28,43.213,-8.691,61.02,91,98,9.73
463,Magadan,RU,2021-10-04 18:16:28,59.5667,150.8,30.36,57,100,10.31
464,Wunsiedel,DE,2021-10-04 18:16:29,50.0333,12.0167,52.47,94,100,1.99
465,Aksarka,RU,2021-10-04 18:16:29,66.5606,67.7975,35.35,90,100,13.09
466,Tatarsk,RU,2021-10-04 18:16:29,55.219,75.9828,31.23,94,97,13.29
467,Lumberton,US,2021-10-04 18:13:20,34.6182,-79.0086,89.46,42,37,5.84
468,Guhagar,IN,2021-10-04 18:16:31,17.4842,73.1929,79.41,92,20,3.78
469,Lokosovo,RU,2021-10-04 18:16:31,61.1333,74.8167,32.22,77,100,4.14
470,Napasar,IN,2021-10-04 18:16:33,27.9667,73.55,88.81,49,6,10.92
471,Nichinan,JP,2021-10-04 18:16:33,31.6,131.3667,75.49,69,74,9.24
472,Takab,IR,2021-10-04 18:16:33,36.4009,47.1133,54.03,33,0,3.24
473,Valdivia,CL,2021-10-04 18:16:34,-39.8142,-73.2459,60.89,49,23,3.87
474,Antsohihy,MG,2021-10-04 18:16:34,-14.8796,47.9875,75.45,73,51,4.09
475,Baffa,PK,2021-10-04 18:16:35,34.4378,73.2194,66.85,54,0,6.26
476,Marsh Harbour,BS,2021-10-04 18:16:35,26.5412,-77.0636,82.09,68,59,12.82
477,Victoria Point,AU,2021-10-04 18:16:35,-27.5833,153.3,68.34,73,0,6.73
478,Rumoi,JP,2021-10-04 18:16:36,43.9344,141.6428,53.04,84,100,7.07
479,Imeni Poliny Osipenko,RU,2021-10-04 18:12:15,52.4201,136.4853,31.62,60,36,0.83
480,Verkhoyansk,RU,2021-10-04 18:16:36,67.5447,133.385,21.81,84,47,3.96
481,Tabuk,PH,2021-10-04 18:16:36,17.4189,121.4443,74.26,94,99,3.8
482,Vila Velha,BR,2021-10-04 18:16:37,-20.3297,-40.2925,84.15,65,0,19.57
483,Sao Geraldo Do Araguaia,BR,2021-10-04 18:16:37,-6.4006,-48.555,97.43,30,90,4.36
484,Barra Do Corda,BR,2021-10-04 18:16:37,-5.5,-45.25,100.8,24,72,6.76
485,Moundou,TD,2021-10-04 18:16:38,8.5667,16.0833,74.16,88,77,4.81
486,Vanavara,RU,2021-10-04 18:16:38,60.34,102.2797,27.07,84,37,3.69
487,Lebork,PL,2021-10-04 18:16:38,54.5392,17.7501,60.35,85,100,5.28
488,Okha,RU,2021-10-04 18:16:39,53.5739,142.9478,42.98,64,100,16.24
489,Mehamn,NO,2021-10-04 18:16:39,71.0357,27.8492,55.35,71,75,29.93
490,Brodnica,PL,2021-10-04 18:16:40,53.2597,19.3965,63.25,66,100,8.5
491,Ilhabela,BR,2021-10-04 18:16:40,-23.7781,-45.3581,72.09,95,98,6.91
492,Santa Vitoria Do Palmar,BR,2021-10-04 18:16:41,-33.5189,-53.3681,60.84,50,7,10.36
493,Hervey Bay,AU,2021-10-04 18:12:47,-25.2986,152.8535,72.03,69,8,8.77
494,Joshimath,IN,2021-10-04 18:16:41,30.5667,79.5667,62.67,85,42,0.29
495,Urengoy,RU,2021-10-04 18:16:42,65.9667,78.3667,30.18,97,100,13.91
496,Zheleznodorozhnyy,RU,2021-10-04 18:16:42,55.7503,38.0042,45.36,74,50,5.21
497,Cherskiy,RU,2021-10-04 18:16:42,68.75,161.3,15.78,99,94,7.34
498,Koslan,RU,2021-10-04 18:16:43,63.4564,48.8989,38.35,94,31,5.35
499,Buin,CL,2021-10-04 18:16:36,-33.7333,-70.75,81.05,16,17,8.97
500,Duncan,US,2021-10-04 18:15:00,34.5023,-97.9578,85.37,25,1,3.44
501,Okmulgee,US,2021-10-04 18:16:43,35.6234,-95.9605,81.32,32,1,9.22
502,Baculin,PH,2021-10-04 18:16:44,7.4525,126.5842,77.95,88,100,1.45
503,Gladstone,AU,2021-10-04 18:16:44,-23.85,151.25,71.53,88,7,5.75
504,North Platte,US,2021-10-04 18:11:57,41.1239,-100.7654,80.49,34,1,1.99
505,Qasigiannguit,GL,2021-10-04 18:16:45,68.8193,-51.1922,30.45,86,19,2.95
506,Lieksa,FI,2021-10-04 18:16:45,63.3167,30.0167,47.61,82,62,17.76
507,Tarlungeni,RO,2021-10-04 18:16:45,45.6333,25.75,52.99,76,66,4.7
508,Huarmey,PE,2021-10-04 18:16:46,-10.0681,-78.1522,69.12,69,57,13.31
509,Skelleftea,SE,2021-10-04 18:16:46,64.7507,20.9528,53.01,67,90,1.99
510,Vung Tau,VN,2021-10-04 18:16:14,10.346,107.0843,80.37,81,99,8.43
511,Port Hardy,CA,2021-10-04 18:15:33,50.6996,-127.4199,46.4,93,90,5.75
512,Beloha,MG,2021-10-04 18:16:47,-25.1667,45.05,70.74,81,76,10.22
513,Caceres,ES,2021-10-04 18:16:47,39.522,-6.3748,64.8,44,6,5.5
514,Ilebo,CD,2021-10-04 18:16:48,-4.3167,20.5833,79.34,70,84,2.17
515,Mut,TR,2021-10-04 18:16:48,36.6439,33.4389,64.47,34,21,7.36
516,Bonthe,SL,2021-10-04 18:16:48,7.5264,-12.505,80.78,83,61,6.67
517,Russkaya Polyana,UA,2021-10-04 18:16:50,49.417,31.9201,51.21,53,97,7.54
518,Tromso,NO,2021-10-04 18:16:50,69.6496,18.957,51.39,87,0,1.14
519,Manono,CD,2021-10-04 18:16:51,-7.3,27.4167,70.7,82,87,6.33
520,Najran,SA,2021-10-04 18:16:51,17.4924,44.1277,83.05,20,89,6.17
521,Mount Darwin,ZW,2021-10-04 18:16:51,-16.7725,31.5838,72.66,65,54,8.61
522,Rabo De Peixe,PT,2021-10-04 18:16:52,37.8,-25.5833,72.91,83,20,3.44
523,Nuevo Progreso,MX,2021-10-04 18:16:52,23.1667,-97.95,87.6,80,91,1.99
524,Isla Aguada,MX,2021-10-04 18:16:52,18.7833,-91.4667,86.04,70,92,4.34
525,Constantine,DZ,2021-10-04 18:16:53,36.365,6.6147,69.21,68,75,8.05
526,Graciano Sanchez,MX,2021-10-04 18:16:53,23.9167,-99.2833,81.55,67,91,6.98
527,Trat,TH,2021-10-04 18:16:54,12.5,102.5,81.99,89,69,2.39
528,Tornio,FI,2021-10-04 18:16:54,65.8481,24.1466,50.02,93,100,21.41
529,Qaqortoq,GL,2021-10-04 18:16:54,60.7167,-46.0333,43.3,57,4,2.44
530,Mokhsogollokh,RU,2021-10-04 18:16:55,61.4681,128.9203,26.53,93,30,5.32
531,Teguise,ES,2021-10-04 18:16:55,29.0605,-13.564,70.02,60,20,20.71
532,Lianran,CN,2021-10-04 18:16:56,24.9227,102.485,61.34,97,18,3.15
533,Honiara,SB,2021-10-04 18:16:56,-9.4333,159.95,76.96,88,66,3.71
534,College,US,2021-10-04 18:13:12,64.8569,-147.8028,30.29,94,90,0.0
535,Jutai,BR,2021-10-04 18:16:57,-5.1833,-68.9,85.5,68,99,1.97
